ts,power_kw
2025-03-10 08:02:00+00:00,15.759164162127222
2025-03-10 08:03:00+00:00,15.759164162127222
2025-03-10 08:04:00+00:00,15.759164162127222
2025-03-10 08:05:00+00:00,15.759164162127222
2025-03-10 08:06:00+00:00,27.746653275283123
2025-03-10 08:07:00+00:00,21.387094266827344
2025-03-10 08:08:00+00:00,21.387094266827344
2025-03-10 08:09:00+00:00,21.387094266827344
2025-03-10 08:10:00+00:00,21.387094266827344
2025-03-10 08:11:00+00:00,21.387094266827344
2025-03-10 08:12:00+00:00,21.387094266827344
2025-03-10 08:15:00+00:00,18.513501597323575
2025-03-10 08:16:00+00:00,18.513501597323575
2025-03-10 08:17:00+00:00,18.513501597323575
2025-03-10 08:18:00+00:00,18.513501597323575
2025-03-10 08:19:00+00:00,18.513501597323575
2025-03-10 08:20:00+00:00,18.513501597323575
2025-03-10 08:21:00+00:00,15.35530513063341
2025-03-10 08:22:00+00:00,15.35530513063341
2025-03-10 08:23:00+00:00,15.35530513063341
2025-03-10 08:24:00+00:00,15.35530513063341
2025-03-10 08:25:00+00:00,15.35530513063341
2025-03-10 08:26:00+00:00,15.35530513063341
2025-03-10 08:30:00+00:00,17.398348087935403
2025-03-10 08:31:00+00:00,14.745376544105369
2025-03-10 08:32:00+00:00,14.745376544105369
2025-03-10 08:33:00+00:00,14.745376544105369
2025-03-10 08:34:00+00:00,14.745376544105369
2025-03-10 08:35:00+00:00,17.62197140463505
2025-03-10 08:36:00+00:00,17.62197140463505
2025-03-10 08:37:00+00:00,16.37026370218131
2025-03-10 08:38:00+00:00,15.047474911996442
2025-03-10 08:39:00+00:00,15.047474911996442
2025-03-10 08:40:00+00:00,15.047474911996442
2025-03-10 08:41:00+00:00,15.047474911996442
2025-03-10 08:42:00+00:00,15.047474911996442
2025-03-10 08:43:00+00:00,15.047474911996442
2025-03-10 08:57:00+00:00,24.996154775350547
2025-03-10 08:58:00+00:00,24.996154775350547
2025-03-10 08:59:00+00:00,27.00246229543061
2025-03-10 09:00:00+00:00,27.00246229543061
2025-03-10 09:01:00+00:00,27.00246229543061
2025-03-10 09:02:00+00:00,13.780323518748716
2025-03-10 09:03:00+00:00,20.678653178959998
2025-03-10 09:04:00+00:00,20.678653178959998
2025-03-10 09:05:00+00:00,20.678653178959998
2025-03-10 09:06:00+00:00,20.678653178959998
2025-03-10 09:07:00+00:00,15.428000586967013
2025-03-10 09:08:00+00:00,15.428000586967013
2025-03-10 09:09:00+00:00,15.428000586967013
2025-03-10 09:10:00+00:00,15.428000586967013
2025-03-10 09:11:00+00:00,15.428000586967013
2025-03-10 09:12:00+00:00,18.514746212834698
2025-03-10 09:13:00+00:00,18.514746212834698
2025-03-10 09:14:00+00:00,18.86470542840068
2025-03-10 09:15:00+00:00,18.86470542840068
2025-03-10 09:16:00+00:00,18.86470542840068
2025-03-10 09:17:00+00:00,18.86470542840068
2025-03-10 09:18:00+00:00,18.86470542840068
2025-03-10 09:19:00+00:00,18.86470542840068
2025-03-10 09:22:00+00:00,16.435292154996013
2025-03-10 09:23:00+00:00,16.435292154996013
2025-03-10 09:24:00+00:00,16.435292154996013
2025-03-10 09:25:00+00:00,16.435292154996013
2025-03-10 09:26:00+00:00,16.435292154996013
2025-03-10 09:27:00+00:00,18.961217186694693
2025-03-10 09:28:00+00:00,18.961217186694693
2025-03-10 09:29:00+00:00,18.961217186694693
2025-03-10 09:30:00+00:00,18.961217186694693
2025-03-10 09:31:00+00:00,18.961217186694693
2025-03-10 09:32:00+00:00,18.961217186694693
2025-03-10 09:39:00+00:00,19.796234648244695
2025-03-10 09:40:00+00:00,19.796234648244695
2025-03-10 09:41:00+00:00,19.796234648244695
2025-03-10 09:42:00+00:00,19.796234648244695
2025-03-10 09:43:00+00:00,19.796234648244695
2025-03-10 09:44:00+00:00,19.796234648244695
2025-03-10 09:56:00+00:00,18.390153850845206
2025-03-10 09:57:00+00:00,18.390153850845206
2025-03-10 09:58:00+00:00,18.390153850845206
2025-03-10 09:59:00+00:00,17.845011400214023
2025-03-10 10:00:00+00:00,17.845011400214023
2025-03-10 10:01:00+00:00,19.65280663466105
2025-03-10 10:02:00+00:00,19.65280663466105
2025-03-10 10:03:00+00:00,19.65280663466105
2025-03-10 10:04:00+00:00,21.824010938105395
2025-03-10 10:05:00+00:00,21.824010938105395
2025-03-10 10:06:00+00:00,21.824010938105395
2025-03-10 10:07:00+00:00,18.048863680356067
2025-03-10 10:08:00+00:00,18.048863680356067
2025-03-10 10:09:00+00:00,18.048863680356067
2025-03-10 10:10:00+00:00,18.048863680356067
2025-03-10 10:11:00+00:00,14.096794174234226
2025-03-10 10:12:00+00:00,15.369117385900308
2025-03-10 10:13:00+00:00,20.618888202805294
2025-03-10 10:14:00+00:00,20.618888202805294
2025-03-10 10:15:00+00:00,16.656558421483844
2025-03-10 10:16:00+00:00,15.491678026008792
2025-03-10 10:17:00+00:00,16.88996659691178
2025-03-10 10:18:00+00:00,16.88996659691178
2025-03-10 10:19:00+00:00,22.182188545464953
2025-03-10 10:20:00+00:00,22.182188545464953
2025-03-10 10:21:00+00:00,17.884098916474564
2025-03-10 10:22:00+00:00,17.884098916474564
2025-03-10 10:23:00+00:00,17.884098916474564
2025-03-10 10:24:00+00:00,17.884098916474564
2025-03-10 10:25:00+00:00,17.884098916474564
2025-03-10 10:26:00+00:00,17.884098916474564
2025-03-10 10:28:00+00:00,19.53806331088455
2025-03-10 10:29:00+00:00,19.53806331088455
2025-03-10 10:30:00+00:00,19.53806331088455
2025-03-10 10:31:00+00:00,19.53806331088455
2025-03-10 10:32:00+00:00,19.53806331088455
2025-03-10 10:33:00+00:00,19.53806331088455
2025-03-10 10:34:00+00:00,19.42949129977789
2025-03-10 10:35:00+00:00,19.42949129977789
2025-03-10 10:36:00+00:00,19.42949129977789
2025-03-10 10:37:00+00:00,19.42949129977789
2025-03-10 10:38:00+00:00,21.215830122238316
2025-03-10 10:39:00+00:00,21.215830122238316
2025-03-10 10:40:00+00:00,21.215830122238316
2025-03-10 10:41:00+00:00,20.887340638332475
2025-03-10 10:42:00+00:00,20.887340638332475
2025-03-10 10:43:00+00:00,20.887340638332475
2025-03-10 10:44:00+00:00,20.887340638332475
2025-03-10 10:45:00+00:00,19.464161902866046
2025-03-10 10:46:00+00:00,19.464161902866046
2025-03-10 10:47:00+00:00,19.464161902866046
2025-03-10 10:48:00+00:00,19.464161902866046
2025-03-10 10:49:00+00:00,19.464161902866046
2025-03-10 10:50:00+00:00,19.464161902866046
2025-03-10 10:51:00+00:00,18.110398485060177
2025-03-10 10:52:00+00:00,18.110398485060177
2025-03-10 10:53:00+00:00,18.110398485060177
2025-03-10 10:54:00+00:00,18.110398485060177
2025-03-10 10:55:00+00:00,18.110398485060177
2025-03-10 10:56:00+00:00,18.110398485060177
2025-03-10 10:58:00+00:00,18.6209455083615
2025-03-10 10:59:00+00:00,18.6209455083615
2025-03-10 11:00:00+00:00,15.686117205541057
2025-03-10 11:01:00+00:00,15.686117205541057
2025-03-10 11:02:00+00:00,15.686117205541057
2025-03-10 11:03:00+00:00,15.686117205541057
2025-03-10 11:04:00+00:00,19.001834658171717
2025-03-10 11:05:00+00:00,16.03535145544645
2025-03-10 11:06:00+00:00,16.03535145544645
2025-03-10 11:07:00+00:00,16.03535145544645
2025-03-10 11:08:00+00:00,16.03535145544645
2025-03-10 11:09:00+00:00,16.03535145544645
2025-03-10 11:10:00+00:00,16.03535145544645
2025-03-10 11:12:00+00:00,19.532776953144797
2025-03-10 11:13:00+00:00,19.532776953144797
2025-03-10 11:14:00+00:00,19.532776953144797
2025-03-10 11:15:00+00:00,19.532776953144797
2025-03-10 11:16:00+00:00,19.532776953144797
2025-03-10 11:17:00+00:00,19.532776953144797
2025-03-10 11:18:00+00:00,28.57605651235481
2025-03-10 11:19:00+00:00,28.57605651235481
2025-03-10 11:20:00+00:00,28.57605651235481
2025-03-10 11:21:00+00:00,28.57605651235481
2025-03-10 11:22:00+00:00,28.57605651235481
2025-03-10 11:23:00+00:00,18.79798431500339
2025-03-10 11:24:00+00:00,18.79798431500339
2025-03-10 11:25:00+00:00,18.649316471005037
2025-03-10 11:26:00+00:00,18.649316471005037
2025-03-10 11:27:00+00:00,18.649316471005037
2025-03-10 11:28:00+00:00,18.649316471005037
2025-03-10 11:29:00+00:00,17.945231359192512
2025-03-10 11:30:00+00:00,17.945231359192512
2025-03-10 11:31:00+00:00,17.945231359192512
2025-03-10 11:32:00+00:00,21.072122363419055
2025-03-10 11:33:00+00:00,21.072122363419055
2025-03-10 11:34:00+00:00,21.072122363419055
2025-03-10 11:35:00+00:00,18.2342484322997
2025-03-10 11:36:00+00:00,18.2342484322997
2025-03-10 11:37:00+00:00,16.121688860458637
2025-03-10 11:38:00+00:00,16.121688860458637
2025-03-10 11:39:00+00:00,16.121688860458637
2025-03-10 11:40:00+00:00,16.121688860458637
2025-03-10 11:41:00+00:00,16.121688860458637
2025-03-10 11:42:00+00:00,16.121688860458637
2025-03-10 11:46:00+00:00,19.463796138468762
2025-03-10 11:47:00+00:00,19.463796138468762
2025-03-10 11:48:00+00:00,19.601403895091153
2025-03-10 11:49:00+00:00,22.119690003474805
2025-03-10 11:50:00+00:00,22.119690003474805
2025-03-10 11:51:00+00:00,22.119690003474805
2025-03-10 11:52:00+00:00,22.119690003474805
2025-03-10 11:53:00+00:00,22.119690003474805
2025-03-10 11:54:00+00:00,22.119690003474805
2025-03-10 12:03:00+00:00,21.35423174037374
2025-03-10 12:04:00+00:00,21.35423174037374
2025-03-10 12:05:00+00:00,21.35423174037374
2025-03-10 12:06:00+00:00,19.350274112813842
2025-03-10 12:07:00+00:00,14.567933503378622
2025-03-10 12:08:00+00:00,23.421588598081065
2025-03-10 12:09:00+00:00,23.421588598081065
2025-03-10 12:10:00+00:00,23.421588598081065
2025-03-10 12:11:00+00:00,15.185825610431966
2025-03-10 12:12:00+00:00,15.185825610431966
2025-03-10 12:13:00+00:00,17.74518625522008
2025-03-10 12:14:00+00:00,18.20529105707933
2025-03-10 12:15:00+00:00,18.20529105707933
2025-03-10 12:16:00+00:00,18.20529105707933
2025-03-10 12:17:00+00:00,18.20529105707933
2025-03-10 12:18:00+00:00,18.20529105707933
2025-03-10 12:19:00+00:00,18.20529105707933
2025-03-10 12:20:00+00:00,13.265044693253444
2025-03-10 12:21:00+00:00,13.265044693253444
2025-03-10 12:22:00+00:00,16.041399539434728
2025-03-10 12:23:00+00:00,18.3267207098316
2025-03-10 12:24:00+00:00,18.3267207098316
2025-03-10 12:25:00+00:00,18.3267207098316
2025-03-10 12:26:00+00:00,18.3267207098316
2025-03-10 12:27:00+00:00,18.3267207098316
2025-03-10 12:28:00+00:00,18.3267207098316
2025-03-10 12:34:00+00:00,17.044320298592417
2025-03-10 12:35:00+00:00,17.044320298592417
2025-03-10 12:36:00+00:00,20.684360262489708
2025-03-10 12:37:00+00:00,20.684360262489708
2025-03-10 12:38:00+00:00,18.046161317900843
2025-03-10 12:39:00+00:00,18.046161317900843
2025-03-10 12:40:00+00:00,18.046161317900843
2025-03-10 12:41:00+00:00,18.046161317900843
2025-03-10 12:42:00+00:00,18.046161317900843
2025-03-10 12:43:00+00:00,18.046161317900843
2025-03-10 12:46:00+00:00,17.21918252343906
2025-03-10 12:47:00+00:00,19.03228807917276
2025-03-10 12:48:00+00:00,16.69494341356671
2025-03-10 12:49:00+00:00,16.69494341356671
2025-03-10 12:50:00+00:00,16.944011956468774
2025-03-10 12:51:00+00:00,16.944011956468774
2025-03-10 12:52:00+00:00,11.557967288028573
2025-03-10 12:53:00+00:00,11.557967288028573
2025-03-10 12:54:00+00:00,11.557967288028573
2025-03-10 12:55:00+00:00,11.557967288028573
2025-03-10 12:56:00+00:00,11.557967288028573
2025-03-10 12:57:00+00:00,11.557967288028573
2025-03-10 12:58:00+00:00,19.1792784627148
2025-03-10 12:59:00+00:00,19.1792784627148
2025-03-10 13:00:00+00:00,29.11488591823513
2025-03-10 13:01:00+00:00,16.52452659063032
2025-03-10 13:02:00+00:00,16.52452659063032
2025-03-10 13:03:00+00:00,16.52452659063032
2025-03-10 13:04:00+00:00,16.52452659063032
2025-03-10 13:05:00+00:00,19.3209199047031
2025-03-10 13:06:00+00:00,19.3209199047031
2025-03-10 13:07:00+00:00,19.3209199047031
2025-03-10 13:08:00+00:00,19.3209199047031
2025-03-10 13:09:00+00:00,19.3209199047031
2025-03-10 13:10:00+00:00,19.3209199047031
2025-03-10 13:17:00+00:00,17.768005855356932
2025-03-10 13:18:00+00:00,17.768005855356932
2025-03-10 13:19:00+00:00,17.768005855356932
2025-03-10 13:20:00+00:00,17.768005855356932
2025-03-10 13:21:00+00:00,18.077110337568634
2025-03-10 13:22:00+00:00,18.077110337568634
2025-03-10 13:23:00+00:00,18.077110337568634
2025-03-10 13:24:00+00:00,18.077110337568634
2025-03-10 13:25:00+00:00,18.077110337568634
2025-03-10 13:26:00+00:00,18.077110337568634
2025-03-10 13:30:00+00:00,17.17073898237194
2025-03-10 13:31:00+00:00,16.551394931584667
2025-03-10 13:32:00+00:00,16.551394931584667
2025-03-10 13:33:00+00:00,16.551394931584667
2025-03-10 13:34:00+00:00,16.551394931584667
2025-03-10 13:35:00+00:00,16.551394931584667
2025-03-10 13:36:00+00:00,18.086061946642563
2025-03-10 13:37:00+00:00,18.086061946642563
2025-03-10 13:38:00+00:00,18.086061946642563
2025-03-10 13:39:00+00:00,18.086061946642563
2025-03-10 13:40:00+00:00,18.086061946642563
2025-03-10 13:41:00+00:00,18.086061946642563
2025-03-10 13:51:00+00:00,15.041607963284466
2025-03-10 13:52:00+00:00,18.279303348431792
2025-03-10 13:53:00+00:00,18.279303348431792
2025-03-10 13:54:00+00:00,18.279303348431792
2025-03-10 13:55:00+00:00,18.279303348431792
2025-03-10 13:56:00+00:00,18.279303348431792
2025-03-10 13:57:00+00:00,18.279303348431792
2025-03-10 13:58:00+00:00,18.56246098443721
2025-03-10 13:59:00+00:00,18.56246098443721
2025-03-10 14:00:00+00:00,18.56246098443721
2025-03-10 14:01:00+00:00,20.30938753343344
2025-03-10 14:02:00+00:00,22.734828728054243
2025-03-10 14:03:00+00:00,22.734828728054243
2025-03-10 14:04:00+00:00,22.734828728054243
2025-03-10 14:05:00+00:00,22.734828728054243
2025-03-10 14:06:00+00:00,22.734828728054243
2025-03-10 14:07:00+00:00,22.734828728054243
2025-03-10 14:14:00+00:00,17.591740462254567
2025-03-10 14:15:00+00:00,17.591740462254567
2025-03-10 14:16:00+00:00,17.591740462254567
2025-03-10 14:17:00+00:00,15.7584646986075
2025-03-10 14:18:00+00:00,15.7584646986075
2025-03-10 14:19:00+00:00,17.898398422760934
2025-03-10 14:20:00+00:00,17.898398422760934
2025-03-10 14:21:00+00:00,17.898398422760934
2025-03-10 14:22:00+00:00,17.898398422760934
2025-03-10 14:23:00+00:00,21.37509611047359
2025-03-10 14:24:00+00:00,18.490228568745234
2025-03-10 14:25:00+00:00,18.490228568745234
2025-03-10 14:26:00+00:00,18.490228568745234
2025-03-10 14:27:00+00:00,18.490228568745234
2025-03-10 14:28:00+00:00,17.48589518237387
2025-03-10 14:29:00+00:00,18.555105026987064
2025-03-10 14:30:00+00:00,18.555105026987064
2025-03-10 14:31:00+00:00,18.555105026987064
2025-03-10 14:32:00+00:00,18.555105026987064
2025-03-10 14:33:00+00:00,18.555105026987064
2025-03-10 14:34:00+00:00,18.555105026987064
2025-03-10 14:39:00+00:00,18.030055500574193
2025-03-10 14:40:00+00:00,18.030055500574193
2025-03-10 14:41:00+00:00,18.030055500574193
2025-03-10 14:42:00+00:00,18.030055500574193
2025-03-10 14:43:00+00:00,16.525941277694606
2025-03-10 14:44:00+00:00,16.525941277694606
2025-03-10 14:45:00+00:00,16.525941277694606
2025-03-10 14:46:00+00:00,16.525941277694606
2025-03-10 14:47:00+00:00,16.525941277694606
2025-03-10 14:48:00+00:00,16.525941277694606
2025-03-10 14:53:00+00:00,18.023760869035584
2025-03-10 14:54:00+00:00,18.023760869035584
2025-03-10 14:55:00+00:00,20.718595198729613
2025-03-10 14:56:00+00:00,26.226465536769982
2025-03-10 14:57:00+00:00,26.226465536769982
2025-03-10 14:58:00+00:00,26.226465536769982
2025-03-10 14:59:00+00:00,26.226465536769982
2025-03-10 15:00:00+00:00,26.226465536769982
2025-03-10 15:01:00+00:00,26.226465536769982
2025-03-10 15:05:00+00:00,17.548386501847915
2025-03-10 15:06:00+00:00,20.872859039117735
2025-03-10 15:07:00+00:00,20.872859039117735
2025-03-10 15:08:00+00:00,15.89059109006816
2025-03-10 15:09:00+00:00,15.89059109006816
2025-03-10 15:10:00+00:00,17.83481484929742
2025-03-10 15:11:00+00:00,17.83481484929742
2025-03-10 15:12:00+00:00,16.45007435187203
2025-03-10 15:13:00+00:00,16.45007435187203
2025-03-10 15:14:00+00:00,16.45007435187203
2025-03-10 15:15:00+00:00,16.45007435187203
2025-03-10 15:16:00+00:00,16.45007435187203
2025-03-10 15:17:00+00:00,16.45007435187203
2025-03-10 15:20:00+00:00,19.726874560379756
2025-03-10 15:21:00+00:00,19.726874560379756
2025-03-10 15:22:00+00:00,12.091502117515937
2025-03-10 15:23:00+00:00,12.091502117515937
2025-03-10 15:24:00+00:00,12.091502117515937
2025-03-10 15:25:00+00:00,12.091502117515937
2025-03-10 15:26:00+00:00,12.091502117515937
2025-03-10 15:27:00+00:00,12.091502117515937
2025-03-10 15:34:00+00:00,17.086604769953507
2025-03-10 15:35:00+00:00,17.086604769953507
2025-03-10 15:36:00+00:00,17.086604769953507
2025-03-10 15:37:00+00:00,17.086604769953507
2025-03-10 15:38:00+00:00,17.086604769953507
2025-03-10 15:39:00+00:00,17.086604769953507
2025-03-10 15:41:00+00:00,16.05540351053033
2025-03-10 15:42:00+00:00,16.05540351053033
2025-03-10 15:43:00+00:00,16.48799196108679
2025-03-10 15:44:00+00:00,16.48799196108679
2025-03-10 15:45:00+00:00,16.48799196108679
2025-03-10 15:46:00+00:00,16.48799196108679
2025-03-10 15:47:00+00:00,21.078394400349815
2025-03-10 15:48:00+00:00,16.143560065303966
2025-03-10 15:49:00+00:00,16.143560065303966
2025-03-10 15:50:00+00:00,18.710676391180275
2025-03-10 15:51:00+00:00,18.710676391180275
2025-03-10 15:52:00+00:00,18.710676391180275
2025-03-10 15:53:00+00:00,18.710676391180275
2025-03-10 15:54:00+00:00,18.710676391180275
2025-03-10 15:55:00+00:00,18.710676391180275
2025-03-10 15:56:00+00:00,18.949266971133586
2025-03-10 15:57:00+00:00,18.949266971133586
2025-03-10 15:58:00+00:00,20.356505695096004
2025-03-10 15:59:00+00:00,20.356505695096004
2025-03-10 16:00:00+00:00,20.356505695096004
2025-03-10 16:01:00+00:00,20.356505695096004
2025-03-10 16:02:00+00:00,23.886096670537242
2025-03-10 16:03:00+00:00,23.886096670537242
2025-03-10 16:04:00+00:00,30.9023145119889
2025-03-10 16:05:00+00:00,30.9023145119889
2025-03-10 16:06:00+00:00,30.9023145119889
2025-03-10 16:07:00+00:00,30.9023145119889
2025-03-10 16:08:00+00:00,17.92683992024631
2025-03-10 16:09:00+00:00,14.524390768307
2025-03-10 16:10:00+00:00,14.524390768307
2025-03-10 16:11:00+00:00,20.421349105084396
2025-03-10 16:12:00+00:00,16.800720010357594
2025-03-10 16:13:00+00:00,16.800720010357594
2025-03-10 16:14:00+00:00,19.703182091786395
2025-03-10 16:15:00+00:00,19.703182091786395
2025-03-10 16:16:00+00:00,19.703182091786395
2025-03-10 16:17:00+00:00,19.703182091786395
2025-03-10 16:18:00+00:00,16.355668786621187
2025-03-10 16:19:00+00:00,16.355668786621187
2025-03-10 16:20:00+00:00,16.355668786621187
2025-03-10 16:21:00+00:00,28.121584358265213
2025-03-10 16:22:00+00:00,25.407413311709774
2025-03-10 16:23:00+00:00,25.407413311709774
2025-03-10 16:24:00+00:00,25.407413311709774
2025-03-10 16:25:00+00:00,20.357731874073878
2025-03-10 16:26:00+00:00,20.357731874073878
2025-03-10 16:27:00+00:00,20.357731874073878
2025-03-10 16:28:00+00:00,20.357731874073878
2025-03-10 16:29:00+00:00,20.357731874073878
2025-03-10 16:30:00+00:00,15.6162505916175
2025-03-10 16:31:00+00:00,15.6162505916175
2025-03-10 16:32:00+00:00,15.6162505916175
2025-03-10 16:33:00+00:00,15.6162505916175
2025-03-10 16:34:00+00:00,15.6162505916175
2025-03-10 16:35:00+00:00,15.6162505916175
2025-03-10 16:50:00+00:00,19.144890612310203
2025-03-10 16:51:00+00:00,19.144890612310203
2025-03-10 16:52:00+00:00,19.86333193373619
2025-03-10 16:53:00+00:00,18.79074736237133
2025-03-10 16:54:00+00:00,18.79074736237133
2025-03-10 16:55:00+00:00,18.79074736237133
2025-03-10 16:56:00+00:00,18.79074736237133
2025-03-10 16:57:00+00:00,18.79074736237133
2025-03-10 16:58:00+00:00,17.367834077754054
2025-03-10 16:59:00+00:00,17.367834077754054
2025-03-10 17:00:00+00:00,17.367834077754054
2025-03-10 17:01:00+00:00,17.367834077754054
2025-03-10 17:02:00+00:00,17.367834077754054
2025-03-10 17:03:00+00:00,17.367834077754054
2025-03-10 17:04:00+00:00,15.384446869704679
2025-03-10 17:05:00+00:00,15.384446869704679
2025-03-10 17:06:00+00:00,18.0881251348132
2025-03-10 17:07:00+00:00,18.0881251348132
2025-03-10 17:08:00+00:00,18.0881251348132
2025-03-10 17:09:00+00:00,18.0881251348132
2025-03-10 17:10:00+00:00,18.76270566916057
2025-03-10 17:11:00+00:00,18.76270566916057
2025-03-10 17:12:00+00:00,16.739714339715306
2025-03-10 17:13:00+00:00,16.739714339715306
2025-03-10 17:14:00+00:00,17.78027175379613
2025-03-10 17:15:00+00:00,17.78027175379613
2025-03-10 17:16:00+00:00,17.78027175379613
2025-03-10 17:17:00+00:00,17.78027175379613
2025-03-10 17:18:00+00:00,17.78027175379613
2025-03-10 17:19:00+00:00,17.78027175379613
2025-03-10 17:32:00+00:00,17.14336348440449
2025-03-10 17:33:00+00:00,17.14336348440449
2025-03-10 17:34:00+00:00,17.14336348440449
2025-03-10 17:35:00+00:00,17.14336348440449
2025-03-10 17:36:00+00:00,14.4117129776028
2025-03-10 17:37:00+00:00,14.4117129776028
2025-03-10 17:38:00+00:00,14.4117129776028
2025-03-10 17:39:00+00:00,14.4117129776028
2025-03-10 17:40:00+00:00,14.4117129776028
2025-03-10 17:41:00+00:00,14.886097826587044
2025-03-10 17:42:00+00:00,14.886097826587044
2025-03-10 17:43:00+00:00,14.886097826587044
2025-03-10 17:44:00+00:00,14.886097826587044
2025-03-10 17:45:00+00:00,14.886097826587044
2025-03-10 17:46:00+00:00,14.886097826587044
2025-03-10 17:49:00+00:00,17.884072000663394
2025-03-10 17:50:00+00:00,14.972338997510292
2025-03-10 17:51:00+00:00,14.972338997510292
2025-03-10 17:52:00+00:00,21.529827611101542
2025-03-10 17:53:00+00:00,21.529827611101542
2025-03-10 17:54:00+00:00,21.529827611101542
2025-03-10 17:55:00+00:00,21.529827611101542
2025-03-10 17:56:00+00:00,14.438748654185021
2025-03-10 17:57:00+00:00,14.438748654185021
2025-03-10 17:58:00+00:00,14.438748654185021
2025-03-10 17:59:00+00:00,14.438748654185021
2025-03-10 18:00:00+00:00,20.474361600578018
2025-03-10 18:01:00+00:00,20.474361600578018
2025-03-10 18:02:00+00:00,20.474361600578018
2025-03-10 18:03:00+00:00,20.474361600578018
2025-03-10 18:04:00+00:00,20.474361600578018
2025-03-10 18:05:00+00:00,20.474361600578018
2025-03-10 18:10:00+00:00,16.766449276960586
2025-03-10 18:11:00+00:00,16.766449276960586
2025-03-10 18:12:00+00:00,16.766449276960586
2025-03-10 18:13:00+00:00,16.766449276960586
2025-03-10 18:14:00+00:00,16.766449276960586
2025-03-10 18:15:00+00:00,16.766449276960586
2025-03-10 18:16:00+00:00,22.22259266819917
2025-03-10 18:17:00+00:00,22.22259266819917
2025-03-10 18:18:00+00:00,22.22259266819917
2025-03-10 18:19:00+00:00,22.22259266819917
2025-03-10 18:20:00+00:00,22.22259266819917
2025-03-10 18:21:00+00:00,22.22259266819917
2025-03-10 18:24:00+00:00,15.527043426815302
2025-03-10 18:25:00+00:00,15.527043426815302
2025-03-10 18:26:00+00:00,17.809317817606633
2025-03-10 18:27:00+00:00,17.809317817606633
2025-03-10 18:28:00+00:00,17.809317817606633
2025-03-10 18:29:00+00:00,17.809317817606633
2025-03-10 18:30:00+00:00,21.837212667752414
2025-03-10 18:31:00+00:00,21.837212667752414
2025-03-10 18:32:00+00:00,17.549013153330726
2025-03-10 18:33:00+00:00,18.591023383180676
2025-03-10 18:34:00+00:00,18.591023383180676
2025-03-10 18:35:00+00:00,18.591023383180676
2025-03-10 18:36:00+00:00,17.324369811617196
2025-03-10 18:37:00+00:00,17.324369811617196
2025-03-10 18:38:00+00:00,17.324369811617196
2025-03-10 18:39:00+00:00,17.324369811617196
2025-03-10 18:40:00+00:00,17.324369811617196
2025-03-10 18:41:00+00:00,17.324369811617196
2025-03-10 18:43:00+00:00,16.4515923632942
2025-03-10 18:44:00+00:00,16.4515923632942
2025-03-10 18:45:00+00:00,18.00356608220922
2025-03-10 18:46:00+00:00,15.881576583254196
2025-03-10 18:47:00+00:00,16.99947796682665
2025-03-10 18:48:00+00:00,16.99947796682665
2025-03-10 18:49:00+00:00,22.24911245965803
2025-03-10 18:50:00+00:00,22.24911245965803
2025-03-10 18:51:00+00:00,22.24911245965803
2025-03-10 18:52:00+00:00,22.24911245965803
2025-03-10 18:53:00+00:00,18.24368892826491
2025-03-10 18:54:00+00:00,18.24368892826491
2025-03-10 18:55:00+00:00,18.199652630199537
2025-03-10 18:56:00+00:00,18.199652630199537
2025-03-10 18:57:00+00:00,18.199652630199537
2025-03-10 18:58:00+00:00,18.199652630199537
2025-03-10 18:59:00+00:00,18.199652630199537
2025-03-10 19:00:00+00:00,18.199652630199537
2025-03-10 19:02:00+00:00,21.48972281324699
2025-03-10 19:03:00+00:00,21.48972281324699
2025-03-10 19:04:00+00:00,18.434415875056803
2025-03-10 19:05:00+00:00,17.070465552176543
2025-03-10 19:06:00+00:00,17.070465552176543
2025-03-10 19:07:00+00:00,17.070465552176543
2025-03-10 19:08:00+00:00,21.565811200130288
2025-03-10 19:09:00+00:00,21.565811200130288
2025-03-10 19:10:00+00:00,13.242007918493552
2025-03-10 19:11:00+00:00,13.242007918493552
2025-03-10 19:12:00+00:00,13.242007918493552
2025-03-10 19:13:00+00:00,13.242007918493552
2025-03-10 19:14:00+00:00,13.242007918493552
2025-03-10 19:15:00+00:00,18.902452032272198
2025-03-10 19:16:00+00:00,18.902452032272198
2025-03-10 19:17:00+00:00,18.902452032272198
2025-03-10 19:18:00+00:00,18.902452032272198
2025-03-10 19:19:00+00:00,18.902452032272198
2025-03-10 19:20:00+00:00,18.902452032272198
2025-03-10 19:21:00+00:00,13.901051028660639
2025-03-10 19:22:00+00:00,13.901051028660639
2025-03-10 19:23:00+00:00,13.901051028660639
2025-03-10 19:24:00+00:00,18.175947094258337
2025-03-10 19:25:00+00:00,18.175947094258337
2025-03-10 19:26:00+00:00,18.175947094258337
2025-03-10 19:27:00+00:00,15.848526703116777
2025-03-10 19:28:00+00:00,15.848526703116777
2025-03-10 19:29:00+00:00,15.848526703116777
2025-03-10 19:30:00+00:00,15.848526703116777
2025-03-10 19:31:00+00:00,15.848526703116777
2025-03-10 19:32:00+00:00,19.219760094380838
2025-03-10 19:33:00+00:00,19.219760094380838
2025-03-10 19:34:00+00:00,19.219760094380838
2025-03-10 19:35:00+00:00,19.219760094380838
2025-03-10 19:36:00+00:00,19.219760094380838
2025-03-10 19:37:00+00:00,19.219760094380838
2025-03-10 19:42:00+00:00,18.684212079300835
2025-03-10 19:43:00+00:00,18.684212079300835
2025-03-10 19:44:00+00:00,14.948856583877832
2025-03-10 19:45:00+00:00,15.691673230440918
2025-03-10 19:46:00+00:00,15.691673230440918
2025-03-10 19:47:00+00:00,15.691673230440918
2025-03-10 19:48:00+00:00,15.691673230440918
2025-03-10 19:49:00+00:00,15.691673230440918
2025-03-10 19:50:00+00:00,15.691673230440918
2025-03-10 19:52:00+00:00,23.922327635165907
2025-03-10 19:53:00+00:00,23.922327635165907
2025-03-10 19:54:00+00:00,23.922327635165907
2025-03-10 19:55:00+00:00,23.922327635165907
2025-03-10 19:56:00+00:00,23.922327635165907
2025-03-10 19:57:00+00:00,23.922327635165907
2025-03-10 20:03:00+00:00,18.05959233024285
2025-03-10 20:04:00+00:00,16.719691086330776
2025-03-10 20:05:00+00:00,20.967487820407413
2025-03-10 20:06:00+00:00,20.967487820407413
2025-03-10 20:07:00+00:00,20.967487820407413
2025-03-10 20:08:00+00:00,13.694172968484969
2025-03-10 20:09:00+00:00,13.694172968484969
2025-03-10 20:10:00+00:00,13.694172968484969
2025-03-10 20:11:00+00:00,15.142190786976546
2025-03-10 20:12:00+00:00,20.37845292251157
2025-03-10 20:13:00+00:00,20.37845292251157
2025-03-10 20:14:00+00:00,20.37845292251157
2025-03-10 20:15:00+00:00,20.37845292251157
2025-03-10 20:16:00+00:00,20.37845292251157
2025-03-10 20:17:00+00:00,16.354288196963136
2025-03-10 20:18:00+00:00,25.01901293935539
2025-03-10 20:19:00+00:00,25.01901293935539
2025-03-10 20:20:00+00:00,25.01901293935539
2025-03-10 20:21:00+00:00,25.01901293935539
2025-03-10 20:22:00+00:00,25.01901293935539
2025-03-10 20:23:00+00:00,19.215895134011507
2025-03-10 20:24:00+00:00,19.215895134011507
2025-03-10 20:25:00+00:00,19.215895134011507
2025-03-10 20:26:00+00:00,19.215895134011507
2025-03-10 20:27:00+00:00,19.215895134011507
2025-03-10 20:28:00+00:00,14.854021485854279
2025-03-10 20:29:00+00:00,14.854021485854279
2025-03-10 20:30:00+00:00,14.854021485854279
2025-03-10 20:31:00+00:00,18.50946227476042
2025-03-10 20:32:00+00:00,18.50946227476042
2025-03-10 20:33:00+00:00,18.50946227476042
2025-03-10 20:34:00+00:00,18.50946227476042
2025-03-10 20:35:00+00:00,18.50946227476042
2025-03-10 20:36:00+00:00,18.50946227476042
2025-03-10 20:38:00+00:00,16.204681229449893
2025-03-10 20:39:00+00:00,16.204681229449893
2025-03-10 20:40:00+00:00,16.204681229449893
2025-03-10 20:41:00+00:00,16.204681229449893
2025-03-10 20:42:00+00:00,18.47091159022223
2025-03-10 20:43:00+00:00,18.47091159022223
2025-03-10 20:44:00+00:00,16.38469888450647
2025-03-10 20:45:00+00:00,16.38469888450647
2025-03-10 20:46:00+00:00,21.01012407721666
2025-03-10 20:47:00+00:00,21.01012407721666
2025-03-10 20:48:00+00:00,21.01012407721666
2025-03-10 20:49:00+00:00,20.990060619471674
2025-03-10 20:50:00+00:00,15.374062940105453
2025-03-10 20:51:00+00:00,18.787950451728804
2025-03-10 20:52:00+00:00,24.974536265892393
2025-03-10 20:53:00+00:00,24.974536265892393
2025-03-10 20:54:00+00:00,24.974536265892393
2025-03-10 20:55:00+00:00,21.64726578290731
2025-03-10 20:56:00+00:00,23.443824295812988
2025-03-10 20:57:00+00:00,23.443824295812988
2025-03-10 20:58:00+00:00,23.443824295812988
2025-03-10 20:59:00+00:00,23.443824295812988
2025-03-10 21:00:00+00:00,14.787486423196084
2025-03-10 21:01:00+00:00,14.787486423196084
2025-03-10 21:02:00+00:00,14.787486423196084
2025-03-10 21:03:00+00:00,14.787486423196084
2025-03-10 21:04:00+00:00,14.787486423196084
2025-03-10 21:05:00+00:00,19.408672419708157
2025-03-10 21:06:00+00:00,19.408672419708157
2025-03-10 21:07:00+00:00,19.408672419708157
2025-03-10 21:08:00+00:00,19.408672419708157
2025-03-10 21:09:00+00:00,19.408672419708157
2025-03-10 21:10:00+00:00,19.408672419708157
2025-03-10 21:12:00+00:00,13.863248569137935
2025-03-10 21:13:00+00:00,13.863248569137935
2025-03-10 21:14:00+00:00,17.114821414451686
2025-03-10 21:15:00+00:00,17.114821414451686
2025-03-10 21:16:00+00:00,23.336356382032626
2025-03-10 21:17:00+00:00,23.336356382032626
2025-03-10 21:18:00+00:00,14.25398833813876
2025-03-10 21:19:00+00:00,14.25398833813876
2025-03-10 21:20:00+00:00,16.005543425122447
2025-03-10 21:21:00+00:00,16.005543425122447
2025-03-10 21:22:00+00:00,20.207440027445195
2025-03-10 21:23:00+00:00,17.231021757916963
2025-03-10 21:24:00+00:00,17.231021757916963
2025-03-10 21:25:00+00:00,17.231021757916963
2025-03-10 21:26:00+00:00,17.231021757916963
2025-03-10 21:27:00+00:00,17.333078613636456
2025-03-10 21:28:00+00:00,17.333078613636456
2025-03-10 21:29:00+00:00,13.728400302530389
2025-03-10 21:30:00+00:00,13.728400302530389
2025-03-10 21:31:00+00:00,13.728400302530389
2025-03-10 21:32:00+00:00,20.744542633215982
2025-03-10 21:33:00+00:00,20.744542633215982
2025-03-10 21:34:00+00:00,20.744542633215982
2025-03-10 21:35:00+00:00,19.325682186043267
2025-03-10 21:36:00+00:00,19.786376694414503
2025-03-10 21:37:00+00:00,19.786376694414503
2025-03-10 21:38:00+00:00,19.786376694414503
2025-03-10 21:39:00+00:00,17.03196575275583
2025-03-10 21:40:00+00:00,17.03196575275583
2025-03-10 21:41:00+00:00,17.03196575275583
2025-03-10 21:42:00+00:00,17.03196575275583
2025-03-10 21:43:00+00:00,17.03196575275583
2025-03-10 21:44:00+00:00,17.03196575275583
2025-03-10 21:50:00+00:00,16.5974208584169
2025-03-10 21:51:00+00:00,16.248370350707415
2025-03-10 21:52:00+00:00,16.248370350707415
2025-03-10 21:53:00+00:00,16.248370350707415
2025-03-10 21:54:00+00:00,17.56977239965902
2025-03-10 21:55:00+00:00,17.56977239965902
2025-03-10 21:56:00+00:00,17.56977239965902
2025-03-10 21:57:00+00:00,19.804542799886907
2025-03-10 21:58:00+00:00,19.804542799886907
2025-03-10 21:59:00+00:00,19.086064558579306
2025-03-10 22:00:00+00:00,19.086064558579306
2025-03-10 22:01:00+00:00,19.086064558579306
2025-03-10 22:02:00+00:00,18.819370687493098
2025-03-10 22:03:00+00:00,18.819370687493098
2025-03-10 22:04:00+00:00,20.98600620888641
2025-03-10 22:05:00+00:00,17.679739720804125
2025-03-10 22:06:00+00:00,17.679739720804125
2025-03-10 22:07:00+00:00,17.679739720804125
2025-03-10 22:08:00+00:00,17.679739720804125
2025-03-10 22:09:00+00:00,17.679739720804125
2025-03-10 22:10:00+00:00,17.679739720804125
2025-03-10 22:12:00+00:00,19.783726044321497
2025-03-10 22:13:00+00:00,19.783726044321497
2025-03-10 22:14:00+00:00,19.783726044321497
2025-03-10 22:15:00+00:00,19.989116471483243
2025-03-10 22:16:00+00:00,19.989116471483243
2025-03-10 22:17:00+00:00,19.989116471483243
2025-03-10 22:18:00+00:00,19.989116471483243
2025-03-10 22:19:00+00:00,19.989116471483243
2025-03-10 22:20:00+00:00,19.989116471483243
2025-03-10 22:21:00+00:00,16.24476528627419
2025-03-10 22:22:00+00:00,16.24476528627419
2025-03-10 22:23:00+00:00,16.24476528627419
2025-03-10 22:24:00+00:00,16.24476528627419
2025-03-10 22:25:00+00:00,26.451692915135816
2025-03-10 22:26:00+00:00,20.598299641095334
2025-03-10 22:27:00+00:00,20.598299641095334
2025-03-10 22:28:00+00:00,20.598299641095334
2025-03-10 22:29:00+00:00,20.598299641095334
2025-03-10 22:30:00+00:00,17.400969924905045
2025-03-10 22:31:00+00:00,17.400969924905045
2025-03-10 22:32:00+00:00,17.400969924905045
2025-03-10 22:33:00+00:00,20.876338402291402
2025-03-10 22:34:00+00:00,20.876338402291402
2025-03-10 22:35:00+00:00,20.876338402291402
2025-03-10 22:36:00+00:00,20.876338402291402
2025-03-10 22:37:00+00:00,20.876338402291402
2025-03-10 22:38:00+00:00,15.428801771894456
2025-03-10 22:39:00+00:00,14.768307058066336
2025-03-10 22:40:00+00:00,18.74529637296011
2025-03-10 22:41:00+00:00,18.74529637296011
2025-03-10 22:42:00+00:00,18.74529637296011
2025-03-10 22:43:00+00:00,18.74529637296011
2025-03-10 22:44:00+00:00,18.74529637296011
2025-03-10 22:45:00+00:00,26.842814964710712
2025-03-10 22:46:00+00:00,18.235414836921915
2025-03-10 22:47:00+00:00,18.235414836921915
2025-03-10 22:48:00+00:00,18.235414836921915
2025-03-10 22:49:00+00:00,28.09865406083169
2025-03-10 22:50:00+00:00,28.09865406083169
2025-03-10 22:51:00+00:00,28.09865406083169
2025-03-10 22:52:00+00:00,19.41882196117321
2025-03-10 22:53:00+00:00,17.718893028995137
2025-03-10 22:54:00+00:00,17.718893028995137
2025-03-10 22:55:00+00:00,17.718893028995137
2025-03-10 22:56:00+00:00,17.718893028995137
2025-03-10 22:57:00+00:00,17.718893028995137
2025-03-10 22:58:00+00:00,17.718893028995137
2025-03-10 23:00:00+00:00,19.45963872453526
2025-03-10 23:01:00+00:00,19.45963872453526
2025-03-10 23:02:00+00:00,19.45963872453526
2025-03-10 23:03:00+00:00,19.45963872453526
2025-03-10 23:04:00+00:00,19.45963872453526
2025-03-10 23:05:00+00:00,19.45963872453526
2025-03-10 23:11:00+00:00,15.403792192625684
2025-03-10 23:12:00+00:00,20.628453151407157
2025-03-10 23:13:00+00:00,20.628453151407157
2025-03-10 23:14:00+00:00,20.628453151407157
2025-03-10 23:15:00+00:00,20.628453151407157
2025-03-10 23:16:00+00:00,20.628453151407157
2025-03-10 23:17:00+00:00,20.628453151407157
2025-03-10 23:20:00+00:00,19.387646907718203
2025-03-10 23:21:00+00:00,19.387646907718203
2025-03-10 23:22:00+00:00,19.782687803210493
2025-03-10 23:23:00+00:00,19.782687803210493
2025-03-10 23:24:00+00:00,19.782687803210493
2025-03-10 23:25:00+00:00,19.782687803210493
2025-03-10 23:26:00+00:00,19.63150897330414
2025-03-10 23:27:00+00:00,19.63150897330414
2025-03-10 23:28:00+00:00,19.63150897330414
2025-03-10 23:29:00+00:00,15.962260085866529
2025-03-10 23:30:00+00:00,15.962260085866529
2025-03-10 23:31:00+00:00,15.962260085866529
2025-03-10 23:32:00+00:00,17.227774447827716
2025-03-10 23:33:00+00:00,20.03044178362861
2025-03-10 23:34:00+00:00,20.03044178362861
2025-03-10 23:35:00+00:00,23.21371832629954
2025-03-10 23:36:00+00:00,23.21371832629954
2025-03-10 23:37:00+00:00,18.119383761159472
2025-03-10 23:38:00+00:00,18.119383761159472
2025-03-10 23:39:00+00:00,18.119383761159472
2025-03-10 23:40:00+00:00,18.119383761159472
2025-03-10 23:41:00+00:00,20.25557605422329
2025-03-10 23:42:00+00:00,20.25557605422329
2025-03-10 23:43:00+00:00,16.413080540233057
2025-03-10 23:44:00+00:00,16.14983075904273
2025-03-10 23:45:00+00:00,16.14983075904273
2025-03-10 23:46:00+00:00,18.14772686882176
2025-03-10 23:47:00+00:00,18.14772686882176
2025-03-10 23:48:00+00:00,18.14772686882176
2025-03-10 23:49:00+00:00,17.360347444222487
2025-03-10 23:50:00+00:00,17.360347444222487
2025-03-10 23:51:00+00:00,17.360347444222487
2025-03-10 23:52:00+00:00,16.332803434067188
2025-03-10 23:53:00+00:00,16.332803434067188
2025-03-10 23:54:00+00:00,16.332803434067188
2025-03-10 23:55:00+00:00,16.332803434067188
2025-03-10 23:56:00+00:00,16.332803434067188
2025-03-10 23:57:00+00:00,16.88942779479793
2025-03-10 23:58:00+00:00,16.88942779479793
2025-03-10 23:59:00+00:00,16.88942779479793
2025-03-11 00:00:00+00:00,21.278513033483506
2025-03-11 00:01:00+00:00,14.154456455875327
2025-03-11 00:02:00+00:00,14.154456455875327
2025-03-11 00:03:00+00:00,14.154456455875327
2025-03-11 00:04:00+00:00,14.154456455875327
2025-03-11 00:05:00+00:00,17.2034339329149
2025-03-11 00:06:00+00:00,18.235177259774403
2025-03-11 00:07:00+00:00,18.235177259774403
2025-03-11 00:08:00+00:00,18.235177259774403
2025-03-11 00:09:00+00:00,18.235177259774403
2025-03-11 00:10:00+00:00,18.235177259774403
2025-03-11 00:11:00+00:00,18.235177259774403
2025-03-11 00:12:00+00:00,19.19799268336853
2025-03-11 00:13:00+00:00,19.19799268336853
2025-03-11 00:14:00+00:00,19.19799268336853
2025-03-11 00:15:00+00:00,19.19799268336853
2025-03-11 00:16:00+00:00,19.19799268336853
2025-03-11 00:17:00+00:00,19.19799268336853
2025-03-11 00:23:00+00:00,19.48917279694626
2025-03-11 00:24:00+00:00,19.48917279694626
2025-03-11 00:25:00+00:00,19.48917279694626
2025-03-11 00:26:00+00:00,19.48917279694626
2025-03-11 00:27:00+00:00,19.48917279694626
2025-03-11 00:28:00+00:00,19.48917279694626
2025-03-11 00:35:00+00:00,17.209432903967638
2025-03-11 00:36:00+00:00,21.185928192054764
2025-03-11 00:37:00+00:00,21.185928192054764
2025-03-11 00:38:00+00:00,21.185928192054764
2025-03-11 00:39:00+00:00,21.185928192054764
2025-03-11 00:40:00+00:00,21.185928192054764
2025-03-11 00:41:00+00:00,21.185928192054764
2025-03-11 00:42:00+00:00,22.004854935289593
2025-03-11 00:43:00+00:00,17.384857165768402
2025-03-11 00:44:00+00:00,18.720452074154856
2025-03-11 00:45:00+00:00,19.082642588016558
2025-03-11 00:46:00+00:00,19.082642588016558
2025-03-11 00:47:00+00:00,16.28980905118159
2025-03-11 00:48:00+00:00,16.28980905118159
2025-03-11 00:49:00+00:00,16.28980905118159
2025-03-11 00:50:00+00:00,16.28980905118159
2025-03-11 00:51:00+00:00,16.28980905118159
2025-03-11 00:52:00+00:00,16.28980905118159
2025-03-11 00:54:00+00:00,15.167462281318786
2025-03-11 00:55:00+00:00,15.167462281318786
2025-03-11 00:56:00+00:00,15.167462281318786
2025-03-11 00:57:00+00:00,15.167462281318786
2025-03-11 00:58:00+00:00,15.167462281318786
2025-03-11 00:59:00+00:00,19.620520088750666
2025-03-11 01:00:00+00:00,19.620520088750666
2025-03-11 01:01:00+00:00,19.450162088895016
2025-03-11 01:02:00+00:00,19.450162088895016
2025-03-11 01:03:00+00:00,19.450162088895016
2025-03-11 01:04:00+00:00,19.450162088895016
2025-03-11 01:05:00+00:00,19.450162088895016
2025-03-11 01:06:00+00:00,19.450162088895016
2025-03-11 01:08:00+00:00,16.81506908923897
2025-03-11 01:09:00+00:00,18.65414474975569
2025-03-11 01:10:00+00:00,18.65414474975569
2025-03-11 01:11:00+00:00,18.65414474975569
2025-03-11 01:12:00+00:00,15.359845624525397
2025-03-11 01:13:00+00:00,15.359845624525397
2025-03-11 01:14:00+00:00,20.57116446872336
2025-03-11 01:15:00+00:00,20.57116446872336
2025-03-11 01:16:00+00:00,20.57116446872336
2025-03-11 01:17:00+00:00,20.57116446872336
2025-03-11 01:18:00+00:00,20.34132325863532
2025-03-11 01:19:00+00:00,20.34132325863532
2025-03-11 01:20:00+00:00,26.024660825350193
2025-03-11 01:21:00+00:00,26.024660825350193
2025-03-11 01:22:00+00:00,26.024660825350193
2025-03-11 01:23:00+00:00,20.119900339524754
2025-03-11 01:24:00+00:00,20.119900339524754
2025-03-11 01:25:00+00:00,20.119900339524754
2025-03-11 01:26:00+00:00,20.119900339524754
2025-03-11 01:27:00+00:00,16.901682116472447
2025-03-11 01:28:00+00:00,20.660864688757634
2025-03-11 01:29:00+00:00,17.75882562305306
2025-03-11 01:30:00+00:00,17.75882562305306
2025-03-11 01:31:00+00:00,17.028642510849906
2025-03-11 01:32:00+00:00,17.028642510849906
2025-03-11 01:33:00+00:00,17.028642510849906
2025-03-11 01:34:00+00:00,18.777637820527428
2025-03-11 01:35:00+00:00,15.652253347387942
2025-03-11 01:36:00+00:00,15.652253347387942
2025-03-11 01:37:00+00:00,15.652253347387942
2025-03-11 01:38:00+00:00,15.652253347387942
2025-03-11 01:39:00+00:00,15.652253347387942
2025-03-11 01:40:00+00:00,19.545695677087448
2025-03-11 01:41:00+00:00,19.56631977555402
2025-03-11 01:42:00+00:00,19.56631977555402
2025-03-11 01:43:00+00:00,19.129578211815296
2025-03-11 01:44:00+00:00,19.129578211815296
2025-03-11 01:45:00+00:00,19.129578211815296
2025-03-11 01:46:00+00:00,17.324244449052387
2025-03-11 01:47:00+00:00,17.324244449052387
2025-03-11 01:48:00+00:00,17.450712501267404
2025-03-11 01:49:00+00:00,17.085562921361607
2025-03-11 01:50:00+00:00,16.62177640455642
2025-03-11 01:51:00+00:00,16.62177640455642
2025-03-11 01:52:00+00:00,16.62177640455642
2025-03-11 01:53:00+00:00,16.62177640455642
2025-03-11 01:54:00+00:00,15.48686932810913
2025-03-11 01:55:00+00:00,20.578406102813748
2025-03-11 01:56:00+00:00,20.578406102813748
2025-03-11 01:57:00+00:00,19.201466030291183
2025-03-11 01:58:00+00:00,19.201466030291183
2025-03-11 01:59:00+00:00,18.28395982774801
2025-03-11 02:00:00+00:00,18.28395982774801
2025-03-11 02:01:00+00:00,15.030790416160695
2025-03-11 02:02:00+00:00,19.21653433268838
2025-03-11 02:03:00+00:00,19.21653433268838
2025-03-11 02:04:00+00:00,19.21653433268838
2025-03-11 02:05:00+00:00,20.720336261656026
2025-03-11 02:06:00+00:00,17.620613013095184
2025-03-11 02:07:00+00:00,17.620613013095184
2025-03-11 02:08:00+00:00,17.620613013095184
2025-03-11 02:09:00+00:00,17.620613013095184
2025-03-11 02:10:00+00:00,17.620613013095184
2025-03-11 02:11:00+00:00,17.620613013095184
2025-03-11 02:23:00+00:00,19.955744544422274
2025-03-11 02:24:00+00:00,19.955744544422274
2025-03-11 02:25:00+00:00,19.955744544422274
2025-03-11 02:26:00+00:00,20.704078731948652
2025-03-11 02:27:00+00:00,20.704078731948652
2025-03-11 02:28:00+00:00,20.704078731948652
2025-03-11 02:29:00+00:00,20.704078731948652
2025-03-11 02:30:00+00:00,18.1826294572227
2025-03-11 02:31:00+00:00,17.239088191667296
2025-03-11 02:32:00+00:00,17.239088191667296
2025-03-11 02:33:00+00:00,17.239088191667296
2025-03-11 02:34:00+00:00,17.239088191667296
2025-03-11 02:35:00+00:00,17.239088191667296
2025-03-11 02:36:00+00:00,17.239088191667296
2025-03-11 02:37:00+00:00,17.079386474851272
2025-03-11 02:38:00+00:00,20.060499387939135
2025-03-11 02:39:00+00:00,20.060499387939135
2025-03-11 02:40:00+00:00,20.060499387939135
2025-03-11 02:41:00+00:00,20.060499387939135
2025-03-11 02:42:00+00:00,20.060499387939135
2025-03-11 02:43:00+00:00,20.060499387939135
2025-03-11 02:59:00+00:00,17.295824505092238
2025-03-11 03:00:00+00:00,17.295824505092238
2025-03-11 03:01:00+00:00,19.16113537407123
2025-03-11 03:02:00+00:00,19.16113537407123
2025-03-11 03:03:00+00:00,19.16113537407123
2025-03-11 03:04:00+00:00,19.16113537407123
2025-03-11 03:05:00+00:00,19.16113537407123
2025-03-11 03:06:00+00:00,19.16113537407123
2025-03-11 03:09:00+00:00,16.32975099205553
2025-03-11 03:10:00+00:00,21.305826102460845
2025-03-11 03:11:00+00:00,22.155555170396887
2025-03-11 03:12:00+00:00,22.155555170396887
2025-03-11 03:13:00+00:00,22.155555170396887
2025-03-11 03:14:00+00:00,22.155555170396887
2025-03-11 03:15:00+00:00,19.4294634550354
2025-03-11 03:16:00+00:00,19.4294634550354
2025-03-11 03:17:00+00:00,19.140974661727146
2025-03-11 03:18:00+00:00,19.140974661727146
2025-03-11 03:19:00+00:00,19.140974661727146
2025-03-11 03:20:00+00:00,19.140974661727146
2025-03-11 03:21:00+00:00,20.061838676733814
2025-03-11 03:22:00+00:00,20.061838676733814
2025-03-11 03:23:00+00:00,20.061838676733814
2025-03-11 03:24:00+00:00,17.7728748704191
2025-03-11 03:25:00+00:00,17.7728748704191
2025-03-11 03:26:00+00:00,26.258938928589842
2025-03-11 03:27:00+00:00,26.258938928589842
2025-03-11 03:28:00+00:00,26.258938928589842
2025-03-11 03:29:00+00:00,26.258938928589842
2025-03-11 03:30:00+00:00,26.258938928589842
2025-03-11 03:31:00+00:00,26.258938928589842
2025-03-11 03:34:00+00:00,14.376021324875891
2025-03-11 03:35:00+00:00,14.376021324875891
2025-03-11 03:36:00+00:00,14.376021324875891
2025-03-11 03:37:00+00:00,14.376021324875891
2025-03-11 03:38:00+00:00,14.376021324875891
2025-03-11 03:39:00+00:00,14.376021324875891
2025-03-11 03:47:00+00:00,21.970760790520586
2025-03-11 03:48:00+00:00,21.970760790520586
2025-03-11 03:49:00+00:00,21.970760790520586
2025-03-11 03:50:00+00:00,21.970760790520586
2025-03-11 03:51:00+00:00,21.970760790520586
2025-03-11 03:52:00+00:00,17.595322186259825
2025-03-11 03:53:00+00:00,17.595322186259825
2025-03-11 03:54:00+00:00,17.595322186259825
2025-03-11 03:55:00+00:00,19.891859170540755
2025-03-11 03:56:00+00:00,19.891859170540755
2025-03-11 03:57:00+00:00,19.891859170540755
2025-03-11 03:58:00+00:00,19.891859170540755
2025-03-11 03:59:00+00:00,16.586586463253987
2025-03-11 04:00:00+00:00,15.41375549919006
2025-03-11 04:01:00+00:00,15.41375549919006
2025-03-11 04:02:00+00:00,15.41375549919006
2025-03-11 04:03:00+00:00,15.41375549919006
2025-03-11 04:04:00+00:00,17.15261856617865
2025-03-11 04:05:00+00:00,17.15261856617865
2025-03-11 04:06:00+00:00,16.92404294235609
2025-03-11 04:07:00+00:00,16.92404294235609
2025-03-11 04:08:00+00:00,18.15809560430056
2025-03-11 04:09:00+00:00,17.423687938977764
2025-03-11 04:10:00+00:00,18.366025856622965
2025-03-11 04:11:00+00:00,18.366025856622965
2025-03-11 04:12:00+00:00,18.366025856622965
2025-03-11 04:13:00+00:00,18.366025856622965
2025-03-11 04:14:00+00:00,18.366025856622965
2025-03-11 04:15:00+00:00,19.991387508740726
2025-03-11 04:16:00+00:00,19.991387508740726
2025-03-11 04:17:00+00:00,19.991387508740726
2025-03-11 04:18:00+00:00,27.05971252634233
2025-03-11 04:19:00+00:00,27.05971252634233
2025-03-11 04:20:00+00:00,18.068666777137672
2025-03-11 04:21:00+00:00,18.068666777137672
2025-03-11 04:22:00+00:00,29.391765228539548
2025-03-11 04:23:00+00:00,29.391765228539548
2025-03-11 04:24:00+00:00,16.76326995991174
2025-03-11 04:25:00+00:00,16.76326995991174
2025-03-11 04:26:00+00:00,16.76326995991174
2025-03-11 04:27:00+00:00,16.76326995991174
2025-03-11 04:28:00+00:00,16.76326995991174
2025-03-11 04:29:00+00:00,16.76326995991174
2025-03-11 04:32:00+00:00,16.605271544167657
2025-03-11 04:33:00+00:00,20.276300661935238
2025-03-11 04:34:00+00:00,20.276300661935238
2025-03-11 04:35:00+00:00,20.276300661935238
2025-03-11 04:36:00+00:00,15.082483214938613
2025-03-11 04:37:00+00:00,15.082483214938613
2025-03-11 04:38:00+00:00,14.03062411710818
2025-03-11 04:39:00+00:00,14.03062411710818
2025-03-11 04:40:00+00:00,27.860322378261515
2025-03-11 04:41:00+00:00,27.860322378261515
2025-03-11 04:42:00+00:00,27.860322378261515
2025-03-11 04:43:00+00:00,27.860322378261515
2025-03-11 04:44:00+00:00,27.860322378261515
2025-03-11 04:45:00+00:00,27.860322378261515
2025-03-11 04:54:00+00:00,17.038851173595052
2025-03-11 04:55:00+00:00,17.038851173595052
2025-03-11 04:56:00+00:00,17.038851173595052
2025-03-11 04:57:00+00:00,17.038851173595052
2025-03-11 04:58:00+00:00,17.038851173595052
2025-03-11 04:59:00+00:00,17.038851173595052
2025-03-11 05:08:00+00:00,15.971671563746064
2025-03-11 05:09:00+00:00,15.971671563746064
2025-03-11 05:10:00+00:00,15.971671563746064
2025-03-11 05:11:00+00:00,15.971671563746064
2025-03-11 05:12:00+00:00,15.971671563746064
2025-03-11 05:13:00+00:00,15.971671563746064
2025-03-11 05:16:00+00:00,17.33302743806061
2025-03-11 05:17:00+00:00,17.33302743806061
2025-03-11 05:18:00+00:00,19.758028309114014
2025-03-11 05:19:00+00:00,19.758028309114014
2025-03-11 05:20:00+00:00,19.758028309114014
2025-03-11 05:21:00+00:00,19.758028309114014
2025-03-11 05:22:00+00:00,17.45398650395483
2025-03-11 05:23:00+00:00,19.170042664575597
2025-03-11 05:24:00+00:00,19.170042664575597
2025-03-11 05:25:00+00:00,19.170042664575597
2025-03-11 05:26:00+00:00,19.170042664575597
2025-03-11 05:27:00+00:00,19.170042664575597
2025-03-11 05:28:00+00:00,19.170042664575597
2025-03-11 05:29:00+00:00,19.208214910878088
2025-03-11 05:30:00+00:00,14.76565621990891
2025-03-11 05:31:00+00:00,18.692625420449772
2025-03-11 05:32:00+00:00,18.692625420449772
2025-03-11 05:33:00+00:00,16.531676267757973
2025-03-11 05:34:00+00:00,16.531676267757973
2025-03-11 05:35:00+00:00,16.531676267757973
2025-03-11 05:36:00+00:00,16.531676267757973
2025-03-11 05:37:00+00:00,25.871570987003473
2025-03-11 05:38:00+00:00,19.25536083574895
2025-03-11 05:39:00+00:00,19.25536083574895
2025-03-11 05:40:00+00:00,19.25536083574895
2025-03-11 05:41:00+00:00,19.25536083574895
2025-03-11 05:42:00+00:00,19.25536083574895
2025-03-11 05:43:00+00:00,19.25536083574895
2025-03-11 05:48:00+00:00,18.364196491631724
2025-03-11 05:49:00+00:00,18.364196491631724
2025-03-11 05:50:00+00:00,18.364196491631724
2025-03-11 05:51:00+00:00,18.364196491631724
2025-03-11 05:52:00+00:00,17.71658255659635
2025-03-11 05:53:00+00:00,19.75565206247825
2025-03-11 05:54:00+00:00,19.75565206247825
2025-03-11 05:55:00+00:00,19.75565206247825
2025-03-11 05:56:00+00:00,19.75565206247825
2025-03-11 05:57:00+00:00,19.75565206247825
2025-03-11 05:58:00+00:00,19.75565206247825
2025-03-11 06:02:00+00:00,16.913159140446965
2025-03-11 06:03:00+00:00,16.913159140446965
2025-03-11 06:04:00+00:00,18.52500578170367
2025-03-11 06:05:00+00:00,16.431672283280335
2025-03-11 06:06:00+00:00,17.058489801750436
2025-03-11 06:07:00+00:00,20.24237628513981
2025-03-11 06:08:00+00:00,20.24237628513981
2025-03-11 06:09:00+00:00,21.05666312697249
2025-03-11 06:10:00+00:00,21.05666312697249
2025-03-11 06:11:00+00:00,21.05666312697249
2025-03-11 06:12:00+00:00,21.05666312697249
2025-03-11 06:13:00+00:00,21.05666312697249
2025-03-11 06:14:00+00:00,21.05666312697249
2025-03-11 06:23:00+00:00,23.768003671116254
2025-03-11 06:24:00+00:00,23.768003671116254
2025-03-11 06:25:00+00:00,23.768003671116254
2025-03-11 06:26:00+00:00,23.768003671116254
2025-03-11 06:27:00+00:00,23.768003671116254
2025-03-11 06:28:00+00:00,23.768003671116254
2025-03-11 06:29:00+00:00,22.154686879139906
2025-03-11 06:30:00+00:00,22.154686879139906
2025-03-11 06:31:00+00:00,22.154686879139906
2025-03-11 06:32:00+00:00,22.154686879139906
2025-03-11 06:33:00+00:00,22.154686879139906
2025-03-11 06:34:00+00:00,22.154686879139906
2025-03-11 06:42:00+00:00,19.245888060826616
2025-03-11 06:43:00+00:00,19.245888060826616
2025-03-11 06:44:00+00:00,19.245888060826616
2025-03-11 06:45:00+00:00,19.245888060826616
2025-03-11 06:46:00+00:00,19.245888060826616
2025-03-11 06:47:00+00:00,19.245888060826616
2025-03-11 06:48:00+00:00,20.9709547385451
2025-03-11 06:49:00+00:00,20.9709547385451
2025-03-11 06:50:00+00:00,20.9709547385451
2025-03-11 06:51:00+00:00,20.9709547385451
2025-03-11 06:52:00+00:00,20.9709547385451
2025-03-11 06:53:00+00:00,20.9709547385451
2025-03-11 06:55:00+00:00,18.898867031894525
2025-03-11 06:56:00+00:00,18.898867031894525
2025-03-11 06:57:00+00:00,17.04056220646773
2025-03-11 06:58:00+00:00,17.04056220646773
2025-03-11 06:59:00+00:00,17.04056220646773
2025-03-11 07:00:00+00:00,17.04056220646773
2025-03-11 07:01:00+00:00,17.04056220646773
2025-03-11 07:02:00+00:00,17.04056220646773
2025-03-11 07:04:00+00:00,13.910741992397464
2025-03-11 07:05:00+00:00,13.910741992397464
2025-03-11 07:06:00+00:00,20.11220250333998
2025-03-11 07:07:00+00:00,20.11220250333998
2025-03-11 07:08:00+00:00,20.11220250333998
2025-03-11 07:09:00+00:00,16.02590764212737
2025-03-11 07:10:00+00:00,16.02590764212737
2025-03-11 07:11:00+00:00,16.02590764212737
2025-03-11 07:12:00+00:00,16.02590764212737
2025-03-11 07:13:00+00:00,16.02590764212737
2025-03-11 07:14:00+00:00,17.652252359370827
2025-03-11 07:15:00+00:00,17.652252359370827
2025-03-11 07:16:00+00:00,17.652252359370827
2025-03-11 07:17:00+00:00,17.652252359370827
2025-03-11 07:18:00+00:00,17.652252359370827
2025-03-11 07:19:00+00:00,17.20034653142695
2025-03-11 07:20:00+00:00,17.20034653142695
2025-03-11 07:21:00+00:00,17.20034653142695
2025-03-11 07:22:00+00:00,17.18131884956275
2025-03-11 07:23:00+00:00,17.18131884956275
2025-03-11 07:24:00+00:00,17.18131884956275
2025-03-11 07:25:00+00:00,17.18131884956275
2025-03-11 07:26:00+00:00,17.18131884956275
2025-03-11 07:27:00+00:00,20.85465730318954
2025-03-11 07:28:00+00:00,20.85465730318954
2025-03-11 07:29:00+00:00,20.85465730318954
2025-03-11 07:30:00+00:00,20.85465730318954
2025-03-11 07:31:00+00:00,20.85465730318954
2025-03-11 07:32:00+00:00,16.962724005030847
2025-03-11 07:33:00+00:00,16.962724005030847
2025-03-11 07:34:00+00:00,16.962724005030847
2025-03-11 07:35:00+00:00,16.962724005030847
2025-03-11 07:36:00+00:00,21.758259923626017
2025-03-11 07:37:00+00:00,21.758259923626017
2025-03-11 07:38:00+00:00,19.672968275929883
2025-03-11 07:39:00+00:00,15.86455484592291
2025-03-11 07:40:00+00:00,16.498559331014373
2025-03-11 07:41:00+00:00,19.585422035467328
2025-03-11 07:42:00+00:00,19.585422035467328
2025-03-11 07:43:00+00:00,19.585422035467328
2025-03-11 07:44:00+00:00,19.585422035467328
2025-03-11 07:45:00+00:00,19.585422035467328
2025-03-11 07:46:00+00:00,19.585422035467328
2025-03-11 07:50:00+00:00,16.27142947611893
2025-03-11 07:51:00+00:00,20.271241170982954
2025-03-11 07:52:00+00:00,20.271241170982954
2025-03-11 07:53:00+00:00,20.271241170982954
2025-03-11 07:54:00+00:00,20.271241170982954
2025-03-11 07:55:00+00:00,20.271241170982954
2025-03-11 07:56:00+00:00,20.271241170982954
2025-03-11 07:57:00+00:00,19.88877044567078
2025-03-11 07:58:00+00:00,19.88877044567078
2025-03-11 07:59:00+00:00,19.88877044567078
2025-03-11 08:00:00+00:00,16.732820969012373
2025-03-11 08:01:00+00:00,16.732820969012373
2025-03-11 08:02:00+00:00,16.732820969012373
2025-03-11 08:03:00+00:00,16.732820969012373
2025-03-11 08:04:00+00:00,16.732820969012373
2025-03-11 08:05:00+00:00,22.380834002376847
2025-03-11 08:06:00+00:00,22.380834002376847
2025-03-11 08:07:00+00:00,22.380834002376847
2025-03-11 08:08:00+00:00,22.380834002376847
2025-03-11 08:09:00+00:00,22.380834002376847
2025-03-11 08:10:00+00:00,22.380834002376847
2025-03-11 08:11:00+00:00,20.065315033244026
2025-03-11 08:12:00+00:00,20.065315033244026
2025-03-11 08:13:00+00:00,20.065315033244026
2025-03-11 08:14:00+00:00,16.556861835319943
2025-03-11 08:15:00+00:00,18.27771206486176
2025-03-11 08:16:00+00:00,18.27771206486176
2025-03-11 08:17:00+00:00,18.27771206486176
2025-03-11 08:18:00+00:00,18.27771206486176
2025-03-11 08:19:00+00:00,18.27771206486176
2025-03-11 08:20:00+00:00,16.7176701412063
2025-03-11 08:21:00+00:00,25.850928605916483
2025-03-11 08:22:00+00:00,16.19469128002436
2025-03-11 08:23:00+00:00,16.19469128002436
2025-03-11 08:24:00+00:00,16.19469128002436
2025-03-11 08:25:00+00:00,16.19469128002436
2025-03-11 08:26:00+00:00,16.19469128002436
2025-03-11 08:27:00+00:00,16.19469128002436
2025-03-11 08:29:00+00:00,19.681213425566767
2025-03-11 08:30:00+00:00,16.349416078338272
2025-03-11 08:31:00+00:00,16.349416078338272
2025-03-11 08:32:00+00:00,13.979566690867873
2025-03-11 08:33:00+00:00,13.979566690867873
2025-03-11 08:34:00+00:00,13.979566690867873
2025-03-11 08:35:00+00:00,13.979566690867873
2025-03-11 08:36:00+00:00,13.979566690867873
2025-03-11 08:37:00+00:00,13.979566690867873
2025-03-11 08:41:00+00:00,17.75015680935287
2025-03-11 08:42:00+00:00,17.75015680935287
2025-03-11 08:43:00+00:00,20.286796214299105
2025-03-11 08:44:00+00:00,20.286796214299105
2025-03-11 08:45:00+00:00,20.286796214299105
2025-03-11 08:46:00+00:00,20.286796214299105
2025-03-11 08:47:00+00:00,18.776371591309466
2025-03-11 08:48:00+00:00,16.05945734818352
2025-03-11 08:49:00+00:00,15.294268222071922
2025-03-11 08:50:00+00:00,18.29756126961461
2025-03-11 08:51:00+00:00,18.29756126961461
2025-03-11 08:52:00+00:00,18.29756126961461
2025-03-11 08:53:00+00:00,18.29756126961461
2025-03-11 08:54:00+00:00,18.29756126961461
2025-03-11 08:55:00+00:00,15.339547488717324
2025-03-11 08:56:00+00:00,15.339547488717324
2025-03-11 08:57:00+00:00,15.339547488717324
2025-03-11 08:58:00+00:00,15.339547488717324
2025-03-11 08:59:00+00:00,15.339547488717324
2025-03-11 09:00:00+00:00,15.339547488717324
2025-03-11 09:12:00+00:00,19.310467257027522
2025-03-11 09:13:00+00:00,18.51399489117166
2025-03-11 09:14:00+00:00,18.51399489117166
2025-03-11 09:15:00+00:00,18.51399489117166
2025-03-11 09:16:00+00:00,18.51399489117166
2025-03-11 09:17:00+00:00,18.51399489117166
2025-03-11 09:18:00+00:00,18.51399489117166
2025-03-11 09:19:00+00:00,18.765843420114525
2025-03-11 09:20:00+00:00,18.765843420114525
2025-03-11 09:21:00+00:00,18.47208612764874
2025-03-11 09:22:00+00:00,17.227954404258604
2025-03-11 09:23:00+00:00,16.168489917732877
2025-03-11 09:24:00+00:00,25.16001250215089
2025-03-11 09:25:00+00:00,25.16001250215089
2025-03-11 09:26:00+00:00,25.16001250215089
2025-03-11 09:27:00+00:00,17.588320280157312
2025-03-11 09:28:00+00:00,17.588320280157312
2025-03-11 09:29:00+00:00,17.588320280157312
2025-03-11 09:30:00+00:00,17.588320280157312
2025-03-11 09:31:00+00:00,17.588320280157312
2025-03-11 09:32:00+00:00,17.588320280157312
2025-03-11 09:33:00+00:00,18.612695067864045
2025-03-11 09:34:00+00:00,18.612695067864045
2025-03-11 09:35:00+00:00,18.612695067864045
2025-03-11 09:36:00+00:00,18.2468583634073
2025-03-11 09:37:00+00:00,18.2468583634073
2025-03-11 09:38:00+00:00,18.2468583634073
2025-03-11 09:39:00+00:00,18.74068053465769
2025-03-11 09:40:00+00:00,18.74068053465769
2025-03-11 09:41:00+00:00,18.74068053465769
2025-03-11 09:42:00+00:00,18.74068053465769
2025-03-11 09:43:00+00:00,17.76565599005125
2025-03-11 09:44:00+00:00,17.76565599005125
2025-03-11 09:45:00+00:00,17.76565599005125
2025-03-11 09:46:00+00:00,17.76565599005125
2025-03-11 09:47:00+00:00,17.76565599005125
2025-03-11 09:48:00+00:00,19.850563785433664
2025-03-11 09:49:00+00:00,19.850563785433664
2025-03-11 09:50:00+00:00,19.352714095349818
2025-03-11 09:51:00+00:00,25.107181820901157
2025-03-11 09:52:00+00:00,25.107181820901157
2025-03-11 09:53:00+00:00,25.107181820901157
2025-03-11 09:54:00+00:00,25.107181820901157
2025-03-11 09:55:00+00:00,17.66145112333475
2025-03-11 09:56:00+00:00,17.66145112333475
2025-03-11 09:57:00+00:00,17.66145112333475
2025-03-11 09:58:00+00:00,17.66145112333475
2025-03-11 09:59:00+00:00,17.66145112333475
2025-03-11 10:00:00+00:00,17.66145112333475
2025-03-11 10:06:00+00:00,16.84357580356049
2025-03-11 10:07:00+00:00,16.84357580356049
2025-03-11 10:08:00+00:00,16.84357580356049
2025-03-11 10:09:00+00:00,16.84357580356049
2025-03-11 10:10:00+00:00,16.84357580356049
2025-03-11 10:11:00+00:00,16.84357580356049
2025-03-11 10:22:00+00:00,16.467294781469967
2025-03-11 10:23:00+00:00,16.467294781469967
2025-03-11 10:24:00+00:00,16.467294781469967
2025-03-11 10:25:00+00:00,16.467294781469967
2025-03-11 10:26:00+00:00,17.42369947515497
2025-03-11 10:27:00+00:00,27.071322113106252
2025-03-11 10:28:00+00:00,27.071322113106252
2025-03-11 10:29:00+00:00,27.071322113106252
2025-03-11 10:30:00+00:00,27.071322113106252
2025-03-11 10:31:00+00:00,27.071322113106252
2025-03-11 10:32:00+00:00,27.071322113106252
2025-03-11 10:37:00+00:00,16.29763903510503
2025-03-11 10:38:00+00:00,16.29763903510503
2025-03-11 10:39:00+00:00,22.419211152084756
2025-03-11 10:40:00+00:00,22.419211152084756
2025-03-11 10:41:00+00:00,22.419211152084756
2025-03-11 10:42:00+00:00,22.419211152084756
2025-03-11 10:43:00+00:00,18.907810458882693
2025-03-11 10:44:00+00:00,18.907810458882693
2025-03-11 10:45:00+00:00,18.907810458882693
2025-03-11 10:46:00+00:00,18.907810458882693
2025-03-11 10:47:00+00:00,19.46430245210947
2025-03-11 10:48:00+00:00,19.46430245210947
2025-03-11 10:49:00+00:00,19.46430245210947
2025-03-11 10:50:00+00:00,16.27114658932856
2025-03-11 10:51:00+00:00,16.27114658932856
2025-03-11 10:52:00+00:00,16.27114658932856
2025-03-11 10:53:00+00:00,13.675935400145121
2025-03-11 10:54:00+00:00,13.675935400145121
2025-03-11 10:55:00+00:00,13.675935400145121
2025-03-11 10:56:00+00:00,13.675935400145121
2025-03-11 10:57:00+00:00,17.237724606653163
2025-03-11 10:58:00+00:00,17.237724606653163
2025-03-11 10:59:00+00:00,20.803000693104316
2025-03-11 11:00:00+00:00,15.582282270758556
2025-03-11 11:01:00+00:00,15.582282270758556
2025-03-11 11:02:00+00:00,15.582282270758556
2025-03-11 11:03:00+00:00,15.582282270758556
2025-03-11 11:04:00+00:00,15.582282270758556
2025-03-11 11:05:00+00:00,15.582282270758556
2025-03-11 11:06:00+00:00,18.956281151111618
2025-03-11 11:07:00+00:00,16.84554254857886
2025-03-11 11:08:00+00:00,16.84554254857886
2025-03-11 11:09:00+00:00,16.84554254857886
2025-03-11 11:10:00+00:00,16.84554254857886
2025-03-11 11:11:00+00:00,16.84554254857886
2025-03-11 11:12:00+00:00,16.84554254857886
2025-03-11 11:14:00+00:00,21.82537626871359
2025-03-11 11:15:00+00:00,21.82537626871359
2025-03-11 11:16:00+00:00,21.967408270957502
2025-03-11 11:17:00+00:00,19.514353642204046
2025-03-11 11:18:00+00:00,18.83419064884649
2025-03-11 11:19:00+00:00,18.83419064884649
2025-03-11 11:20:00+00:00,18.83419064884649
2025-03-11 11:21:00+00:00,16.5530267551604
2025-03-11 11:22:00+00:00,20.533322506396825
2025-03-11 11:23:00+00:00,20.533322506396825
2025-03-11 11:24:00+00:00,17.773683011087833
2025-03-11 11:25:00+00:00,17.773683011087833
2025-03-11 11:26:00+00:00,17.773683011087833
2025-03-11 11:27:00+00:00,17.773683011087833
2025-03-11 11:28:00+00:00,19.070917494819266
2025-03-11 11:29:00+00:00,19.070917494819266
2025-03-11 11:30:00+00:00,19.070917494819266
2025-03-11 11:31:00+00:00,19.070917494819266
2025-03-11 11:32:00+00:00,19.070917494819266
2025-03-11 11:33:00+00:00,19.070917494819266
2025-03-11 11:38:00+00:00,20.096407935350552
2025-03-11 11:39:00+00:00,20.096407935350552
2025-03-11 11:40:00+00:00,20.096407935350552
2025-03-11 11:41:00+00:00,20.096407935350552
2025-03-11 11:42:00+00:00,20.096407935350552
2025-03-11 11:43:00+00:00,20.096407935350552
2025-03-11 11:47:00+00:00,18.463461884060784
2025-03-11 11:48:00+00:00,18.463461884060784
2025-03-11 11:49:00+00:00,18.463461884060784
2025-03-11 11:50:00+00:00,18.463461884060784
2025-03-11 11:51:00+00:00,20.25769497509878
2025-03-11 11:52:00+00:00,20.25769497509878
2025-03-11 11:53:00+00:00,18.403998021514642
2025-03-11 11:54:00+00:00,17.010070898218597
2025-03-11 11:55:00+00:00,15.968009137663941
2025-03-11 11:56:00+00:00,15.968009137663941
2025-03-11 11:57:00+00:00,15.968009137663941
2025-03-11 11:58:00+00:00,15.968009137663941
2025-03-11 11:59:00+00:00,15.968009137663941
2025-03-11 12:00:00+00:00,15.968009137663941
2025-03-11 12:02:00+00:00,16.236078471465653
2025-03-11 12:03:00+00:00,15.114570427994575
2025-03-11 12:04:00+00:00,15.114570427994575
2025-03-11 12:05:00+00:00,20.766389030658686
2025-03-11 12:06:00+00:00,20.766389030658686
2025-03-11 12:07:00+00:00,19.419865496294474
2025-03-11 12:08:00+00:00,19.2770866345352
2025-03-11 12:09:00+00:00,19.2770866345352
2025-03-11 12:10:00+00:00,19.2770866345352
2025-03-11 12:11:00+00:00,19.2770866345352
2025-03-11 12:12:00+00:00,19.2770866345352
2025-03-11 12:13:00+00:00,19.2770866345352
2025-03-11 12:14:00+00:00,16.632302199000847
2025-03-11 12:15:00+00:00,16.632302199000847
2025-03-11 12:16:00+00:00,18.121570745002607
2025-03-11 12:17:00+00:00,18.121570745002607
2025-03-11 12:18:00+00:00,24.599395971549843
2025-03-11 12:19:00+00:00,24.599395971549843
2025-03-11 12:20:00+00:00,17.129845516847368
2025-03-11 12:21:00+00:00,17.129845516847368
2025-03-11 12:22:00+00:00,17.129845516847368
2025-03-11 12:23:00+00:00,17.129845516847368
2025-03-11 12:24:00+00:00,17.129845516847368
2025-03-11 12:25:00+00:00,17.129845516847368
2025-03-11 12:30:00+00:00,17.812192862573905
2025-03-11 12:31:00+00:00,20.32600193941061
2025-03-11 12:32:00+00:00,17.197581586910644
2025-03-11 12:33:00+00:00,19.419198958767133
2025-03-11 12:34:00+00:00,19.419198958767133
2025-03-11 12:35:00+00:00,19.419198958767133
2025-03-11 12:36:00+00:00,19.419198958767133
2025-03-11 12:37:00+00:00,19.419198958767133
2025-03-11 12:38:00+00:00,19.419198958767133
2025-03-11 12:39:00+00:00,19.054961666055462
2025-03-11 12:40:00+00:00,19.054961666055462
2025-03-11 12:41:00+00:00,19.054961666055462
2025-03-11 12:42:00+00:00,19.054961666055462
2025-03-11 12:43:00+00:00,19.054961666055462
2025-03-11 12:44:00+00:00,19.054961666055462
2025-03-11 12:47:00+00:00,18.811648173347628
2025-03-11 12:48:00+00:00,18.811648173347628
2025-03-11 12:49:00+00:00,18.811648173347628
2025-03-11 12:50:00+00:00,18.811648173347628
2025-03-11 12:51:00+00:00,18.811648173347628
2025-03-11 12:52:00+00:00,18.811648173347628
2025-03-11 12:54:00+00:00,23.975501817349617
2025-03-11 12:55:00+00:00,23.975501817349617
2025-03-11 12:56:00+00:00,17.468159851608895
2025-03-11 12:57:00+00:00,17.468159851608895
2025-03-11 12:58:00+00:00,17.468159851608895
2025-03-11 12:59:00+00:00,17.468159851608895
2025-03-11 13:00:00+00:00,17.468159851608895
2025-03-11 13:01:00+00:00,17.468159851608895
2025-03-11 13:07:00+00:00,17.60388047356219
2025-03-11 13:08:00+00:00,17.60388047356219
2025-03-11 13:09:00+00:00,17.60388047356219
2025-03-11 13:10:00+00:00,17.60388047356219
2025-03-11 13:11:00+00:00,17.60388047356219
2025-03-11 13:12:00+00:00,17.60388047356219
2025-03-11 13:14:00+00:00,23.17195035136779
2025-03-11 13:15:00+00:00,23.17195035136779
2025-03-11 13:16:00+00:00,19.226531089322286
2025-03-11 13:17:00+00:00,20.275553561337325
2025-03-11 13:18:00+00:00,20.275553561337325
2025-03-11 13:19:00+00:00,20.275553561337325
2025-03-11 13:20:00+00:00,20.275553561337325
2025-03-11 13:21:00+00:00,20.275553561337325
2025-03-11 13:22:00+00:00,20.275553561337325
2025-03-11 13:24:00+00:00,18.437436532282977
2025-03-11 13:25:00+00:00,18.437436532282977
2025-03-11 13:26:00+00:00,18.437436532282977
2025-03-11 13:27:00+00:00,18.437436532282977
2025-03-11 13:28:00+00:00,18.437436532282977
2025-03-11 13:29:00+00:00,19.45302324467212
2025-03-11 13:30:00+00:00,19.45302324467212
2025-03-11 13:31:00+00:00,19.45302324467212
2025-03-11 13:32:00+00:00,16.419965806369582
2025-03-11 13:33:00+00:00,16.419965806369582
2025-03-11 13:34:00+00:00,16.419965806369582
2025-03-11 13:35:00+00:00,16.419965806369582
2025-03-11 13:36:00+00:00,16.419965806369582
2025-03-11 13:37:00+00:00,16.419965806369582
2025-03-11 13:48:00+00:00,20.549367699358974
2025-03-11 13:49:00+00:00,20.549367699358974
2025-03-11 13:50:00+00:00,19.018590647284014
2025-03-11 13:51:00+00:00,19.018590647284014
2025-03-11 13:52:00+00:00,19.018590647284014
2025-03-11 13:53:00+00:00,19.018590647284014
2025-03-11 13:54:00+00:00,19.018590647284014
2025-03-11 13:55:00+00:00,19.018590647284014
2025-03-11 13:59:00+00:00,17.558868119465373
2025-03-11 14:00:00+00:00,17.558868119465373
2025-03-11 14:01:00+00:00,15.749604344524553
2025-03-11 14:02:00+00:00,15.749604344524553
2025-03-11 14:03:00+00:00,15.749604344524553
2025-03-11 14:04:00+00:00,19.12570896091426
2025-03-11 14:05:00+00:00,19.12570896091426
2025-03-11 14:06:00+00:00,19.12570896091426
2025-03-11 14:07:00+00:00,15.651595408559707
2025-03-11 14:08:00+00:00,15.651595408559707
2025-03-11 14:09:00+00:00,15.651595408559707
2025-03-11 14:10:00+00:00,15.651595408559707
2025-03-11 14:11:00+00:00,18.252625029174
2025-03-11 14:12:00+00:00,18.252625029174
2025-03-11 14:13:00+00:00,15.201315668302458
2025-03-11 14:14:00+00:00,15.201315668302458
2025-03-11 14:15:00+00:00,15.201315668302458
2025-03-11 14:16:00+00:00,15.201315668302458
2025-03-11 14:17:00+00:00,15.201315668302458
2025-03-11 14:18:00+00:00,15.201315668302458
2025-03-11 14:24:00+00:00,26.24187342134678
2025-03-11 14:25:00+00:00,20.387223510345176
2025-03-11 14:26:00+00:00,20.387223510345176
2025-03-11 14:27:00+00:00,20.387223510345176
2025-03-11 14:28:00+00:00,20.387223510345176
2025-03-11 14:29:00+00:00,18.89135581416385
2025-03-11 14:30:00+00:00,18.89135581416385
2025-03-11 14:31:00+00:00,14.790589980404375
2025-03-11 14:32:00+00:00,14.790589980404375
2025-03-11 14:33:00+00:00,14.790589980404375
2025-03-11 14:34:00+00:00,14.790589980404375
2025-03-11 14:35:00+00:00,14.790589980404375
2025-03-11 14:36:00+00:00,14.790589980404375
2025-03-11 14:39:00+00:00,20.76027787773703
2025-03-11 14:40:00+00:00,20.76027787773703
2025-03-11 14:41:00+00:00,20.76027787773703
2025-03-11 14:42:00+00:00,20.76027787773703
2025-03-11 14:43:00+00:00,20.76027787773703
2025-03-11 14:44:00+00:00,20.76027787773703
2025-03-11 14:48:00+00:00,22.69124832379288
2025-03-11 14:49:00+00:00,22.69124832379288
2025-03-11 14:50:00+00:00,22.69124832379288
2025-03-11 14:51:00+00:00,15.639079029535836
2025-03-11 14:52:00+00:00,15.639079029535836
2025-03-11 14:53:00+00:00,16.824524061360204
2025-03-11 14:54:00+00:00,16.824524061360204
2025-03-11 14:55:00+00:00,16.824524061360204
2025-03-11 14:56:00+00:00,21.48862222948622
2025-03-11 14:57:00+00:00,19.327195737121524
2025-03-11 14:58:00+00:00,19.327195737121524
2025-03-11 14:59:00+00:00,18.818281845551986
2025-03-11 15:00:00+00:00,18.818281845551986
2025-03-11 15:01:00+00:00,18.818281845551986
2025-03-11 15:02:00+00:00,18.818281845551986
2025-03-11 15:03:00+00:00,18.818281845551986
2025-03-11 15:04:00+00:00,18.818281845551986
2025-03-11 15:07:00+00:00,19.13320429678545
2025-03-11 15:08:00+00:00,19.288621000216402
2025-03-11 15:09:00+00:00,19.288621000216402
2025-03-11 15:10:00+00:00,19.288621000216402
2025-03-11 15:11:00+00:00,16.39881931530379
2025-03-11 15:12:00+00:00,16.39881931530379
2025-03-11 15:13:00+00:00,16.39881931530379
2025-03-11 15:14:00+00:00,16.39881931530379
2025-03-11 15:15:00+00:00,16.39881931530379
2025-03-11 15:16:00+00:00,17.723329435967244
2025-03-11 15:17:00+00:00,17.723329435967244
2025-03-11 15:18:00+00:00,17.723329435967244
2025-03-11 15:19:00+00:00,19.813574545864796
2025-03-11 15:20:00+00:00,19.813574545864796
2025-03-11 15:21:00+00:00,19.813574545864796
2025-03-11 15:22:00+00:00,24.53257298839849
2025-03-11 15:23:00+00:00,17.738398812546087
2025-03-11 15:24:00+00:00,17.738398812546087
2025-03-11 15:25:00+00:00,17.738398812546087
2025-03-11 15:26:00+00:00,17.738398812546087
2025-03-11 15:27:00+00:00,17.738398812546087
2025-03-11 15:28:00+00:00,17.738398812546087
2025-03-11 15:29:00+00:00,17.5214537056963
2025-03-11 15:30:00+00:00,17.5214537056963
2025-03-11 15:31:00+00:00,17.5214537056963
2025-03-11 15:32:00+00:00,16.49730906079326
2025-03-11 15:33:00+00:00,16.49730906079326
2025-03-11 15:34:00+00:00,18.262238649350294
2025-03-11 15:35:00+00:00,18.262238649350294
2025-03-11 15:36:00+00:00,18.262238649350294
2025-03-11 15:37:00+00:00,18.262238649350294
2025-03-11 15:38:00+00:00,18.262238649350294
2025-03-11 15:39:00+00:00,18.262238649350294
2025-03-11 15:41:00+00:00,17.37920639248806
2025-03-11 15:42:00+00:00,19.76212437476133
2025-03-11 15:43:00+00:00,19.08117908362448
2025-03-11 15:44:00+00:00,19.08117908362448
2025-03-11 15:45:00+00:00,19.08117908362448
2025-03-11 15:46:00+00:00,22.040316078768836
2025-03-11 15:47:00+00:00,20.53851134379724
2025-03-11 15:48:00+00:00,20.53851134379724
2025-03-11 15:49:00+00:00,18.588164077586427
2025-03-11 15:50:00+00:00,18.588164077586427
2025-03-11 15:51:00+00:00,18.588164077586427
2025-03-11 15:52:00+00:00,18.588164077586427
2025-03-11 15:53:00+00:00,18.588164077586427
2025-03-11 15:54:00+00:00,18.588164077586427
2025-03-11 15:59:00+00:00,18.37491876417782
2025-03-11 16:00:00+00:00,18.37491876417782
2025-03-11 16:01:00+00:00,19.5596572815101
2025-03-11 16:02:00+00:00,19.5596572815101
2025-03-11 16:03:00+00:00,19.5596572815101
2025-03-11 16:04:00+00:00,19.5596572815101
2025-03-11 16:05:00+00:00,19.313858132684175
2025-03-11 16:06:00+00:00,20.86766567731969
2025-03-11 16:07:00+00:00,20.86766567731969
2025-03-11 16:08:00+00:00,20.86766567731969
2025-03-11 16:09:00+00:00,20.86766567731969
2025-03-11 16:10:00+00:00,20.86766567731969
2025-03-11 16:11:00+00:00,20.86766567731969
2025-03-11 16:12:00+00:00,16.530657812646282
2025-03-11 16:13:00+00:00,16.530657812646282
2025-03-11 16:14:00+00:00,16.530657812646282
2025-03-11 16:15:00+00:00,16.530657812646282
2025-03-11 16:16:00+00:00,16.530657812646282
2025-03-11 16:17:00+00:00,16.530657812646282
2025-03-11 16:24:00+00:00,18.126464293026203
2025-03-11 16:25:00+00:00,18.126464293026203
2025-03-11 16:26:00+00:00,25.228014665378094
2025-03-11 16:27:00+00:00,25.228014665378094
2025-03-11 16:28:00+00:00,25.228014665378094
2025-03-11 16:29:00+00:00,25.228014665378094
2025-03-11 16:30:00+00:00,25.228014665378094
2025-03-11 16:31:00+00:00,25.228014665378094
2025-03-11 16:35:00+00:00,19.27020002319585
2025-03-11 16:36:00+00:00,19.27020002319585
2025-03-11 16:37:00+00:00,19.27020002319585
2025-03-11 16:38:00+00:00,16.266230830233066
2025-03-11 16:39:00+00:00,16.266230830233066
2025-03-11 16:40:00+00:00,16.266230830233066
2025-03-11 16:41:00+00:00,19.534614725204975
2025-03-11 16:42:00+00:00,19.534614725204975
2025-03-11 16:43:00+00:00,19.534614725204975
2025-03-11 16:44:00+00:00,19.534614725204975
2025-03-11 16:45:00+00:00,19.371238748436966
2025-03-11 16:46:00+00:00,18.625731302981823
2025-03-11 16:47:00+00:00,18.625731302981823
2025-03-11 16:48:00+00:00,17.46326240172524
2025-03-11 16:49:00+00:00,28.03442035571697
2025-03-11 16:50:00+00:00,18.96918275767855
